<?xml version="1.0" encoding="UTF-8" standalone="yes"?>
<productos>
  <producto>
    <id>1</id>
    <nombre>Mouse Alambrico</nombre>
    <precio>29.99</precio>
    <stock>100</stock>
    <marca>Marca A</marca>
  </producto>
  <producto>
    <id>2</id>
    <nombre>Producto B</nombre>
    <precio>49.99</precio>
    <stock>50</stock>
    <marca>Marca B</marca>
  </producto>
  <producto>
    <id>3</id>
    <nombre>Producto C</nombre>
    <precio>20</precio>
    <stock>230</stock>
    <marca>Marca C</marca>
  </producto>
  <producto>
    <id>4</id>
    <nombre>Producto D</nombre>
    <precio>20</precio>
    <stock>230</stock>
    <marca>Marca D</marca>
  </producto>
  <producto>
    <id>5</id>
    <nombre>hola</nombre>
    <precio>s</precio>
    <stock>s</stock>
    <marca>s</marca>
  </producto>
  <producto>
    <id>6</id>
    <nombre>HHHHH</nombre>
    <precio>HHH</precio>
    <stock>HHH</stock>
    <marca>HH</marca>
  </producto>
</productos>